#"Temp_Ref","TC_Volt"
40,0
40,0
39,0
39,0
39,0
39,0
39,0
40,0
40,0
40,0
40,0
39,0
40,0
40,0
40,0
39,0
39,0
40,0
40,0
40,0
40,0
40,0
40,0
40,0
40,0
40,0
39,0
39,0
40,0
39,0
39,0
40,0
40,0
40,0
39,0
39,0
40,0
40,0
39,0
40,0
40,0
40,0
39,0
39,0
39,0
40,0
39,0
40,0
40,0
40,0
40,0
39,0
40,0
40,0
39,0
40,0
40,0
40,0
40,0
40,0
40,0
41,0
41,0
40,0
41,0
41,0
41,0
42,0
42,0
42,0
42,0
42,0
42,0
42,0
43,0
42,0
43,0
42,0
43,0
44,0
44,0
44,0
45,0
46,0
46,0
45,0
46,0
47,0
47,0
46,0
48,0
48,0
48,0
49,0
49,0
49,0
49,0
50,0
51,0
51,0
52,0
52,0
52,0
52,0
53,0
54,0
54,0
54,0
55,0
56,0
56,0
57,0
58,0
58,1
59,0
60,1
59,1
60,1
61,2
61,3
62,2
62,3
64,3
64,3
65,5
65,4
66,4
66,6
68,6
68,6
67,7
69,8
70,9
70,9
70,8
71,10
72,11
73,10
73,11
75,11
75,12
76,13
76,13
77,13
78,14
79,15
79,16
80,16
81,17
82,17
82,18
83,19
84,19
84,20
85,21
87,22
88,22
88,23
89,24
90,25
90,26
91,27
91,27
93,28
93,29
94,28
95,31
96,30
96,32
97,32
98,34
99,34
100,34
100,34
101,37
103,37
103,38
104,37
105,39
106,40
106,41
107,42
108,42
109,43
110,45
111,45
111,46
113,46
112,48
115,49
115,50
116,50
116,51
117,52
119,53
119,54
119,54
121,56
122,56
123,58
124,58
124,60
126,60
126,62
128,62
129,62
130,64
131,64
131,66
132,65
134,68
133,68
135,68
135,70
136,70
137,71
139,72
140,73
141,73
141,76
142,75
143,77
144,77
144,79
145,80
147,80
147,82
148,82
150,82
151,84
151,84
151,85
153,86
154,87
155,88
156,89
156,90
157,92
159,92
159,94
161,94
161,94
162,95
163,96
164,97
165,97
166,98
167,98
168,99
168,101
170,101
171,103
171,103
174,105
174,105
175,106
175,107
176,108
177,109
179,109
179,110
180,111
182,112
182,113
183,114
185,116
186,116
185,116
187,119
188,119
189,119
190,120
190,121
193,123
194,124
195,124
196,126
196,127
199,128
199,128
200,128
201,130
203,131
203,131
205,132
204,133
207,134
208,134
209,135
209,137
209,139
211,137
212,139
213,140
214,140
216,141
216,142
217,143
218,144
219,145
220,147
221,147
222,147
223,149
224,149
225,150
226,150
227,152
227,151
228,153
229,155
230,156
231,156
231,158
232,158
234,159
235,160
235,160
236,161
237,161
237,162
238,163
240,164
240,166
241,167
242,167
243,169
244,169
244,171
244,170
247,170
247,171
248,173
248,173
248,173
250,174
251,176
252,176
252,177
253,178
254,179
254,179
256,181
257,181
256,181
258,182
258,183
259,184
260,186
260,187
262,188
262,189
263,189
264,190
264,191
265,191
266,192
266,193
267,194
268,194
269,195
269,196
269,195
270,197
271,198
271,199
273,201
273,202
273,201
274,203
275,204
276,205
277,206
277,206
277,208
279,208
280,209
280,209
281,210
282,210
282,212
283,213
283,213
283,212
285,216
285,217
286,218
286,220
288,220
288,220
288,221
289,222
290,222
291,223
291,225
292,225
292,225
293,226
294,228
293,229
295,230
295,230
297,231
297,231
297,231
297,232
298,234
299,235
300,234
300,236
301,236
302,236
301,237
302,238
303,239
302,239
304,240
305,240
305,240
305,242
306,243
307,244
308,244
308,246
308,246
309,247
310,248
310,248
311,250
312,250
312,251
312,251
313,251
314,253
315,253
315,254
315,256
316,255
317,256
317,257
319,256
318,257
319,258
319,260
321,260
320,261
321,262
322,263
322,263
322,264
324,264
324,265
325,266
324,267
326,267
326,268
327,268
327,269
327,270
328,271
328,271
329,272
330,273
330,274
330,275
331,274
332,275
332,275
332,277
332,277
334,278
334,278
334,279
334,279
335,281
336,282
336,282
337,283
337,284
337,283
338,283
339,285
338,285
340,285
341,286
339,289
341,287
342,289
342,290
343,290
343,291
343,292
344,292
345,291
345,292
345,294
346,294
347,295
347,295
348,296
348,297
348,297
349,298
349,298
349,300
350,299
351,301
351,301
351,301
352,302
352,303
352,304
353,305
354,305
355,306
355,305
355,305
356,306
356,308
357,307
357,308
358,308
357,310
357,309
358,311
359,312
359,312
360,312
361,314
361,313
362,312
363,313
363,314
363,315
363,316
364,316
365,316
365,318
365,319
366,319
366,319
365,319
366,319
366,321
367,320
368,320
368,323
368,323
370,323
369,324
370,326
370,324
371,325
371,326
371,326
372,326
372,327
372,327
373,328
373,328
374,329
374,329
374,329
374,331
376,329
375,330
376,331
376,332
377,333
377,333
377,334
378,334
378,334
379,335
379,335
379,335
379,337
380,336
381,337
381,338
382,338
381,338
382,340
382,340
382,341
383,342
384,341
384,342
383,341
385,342
384,342
385,344
385,343
386,345
386,343
387,346
387,346
388,347
387,348
388,348
388,347
389,347
389,348
389,348
390,350
390,350
391,350
390,351
391,352
391,351
392,352
392,353
392,352
393,352
393,353
393,353
393,353
393,355
394,355
394,356
394,358
395,358
395,356
395,357
396,358
397,358
397,359
398,358
397,360
397,360
398,361
399,361
399,361
399,362
400,362
399,363
400,361
400,361
401,362
401,365
401,363
402,365
401,366
401,365
402,366
402,367
403,368
403,367
403,367
404,367
403,367
405,367
404,369
404,370
405,369
406,370
405,370
406,369
406,371
407,371
406,371
407,372
407,369
407,370
408,373
408,374
408,374
408,375
408,375
409,374
409,374
410,374
410,376
410,374
411,375
410,373
412,374
411,376
411,376
412,376
412,377
411,377
413,379
412,379
413,379
413,382
414,381
413,383
414,383
414,383
414,382
415,383
415,382
415,383
415,383
416,384
415,384
416,383
417,385
416,385
417,385
418,386
418,384
417,385
417,385
418,385
417,385
418,388
418,387
419,387
419,387
419,387
419,387
421,389
420,388
420,388
420,389
420,389
420,388
421,390
421,390
421,390
422,392
422,392
422,391
422,391
422,392
423,392
422,393
423,393
423,394
423,393
423,394
423,395
424,395
425,395
425,397
425,396
425,396
424,396
425,394
425,396
425,397
426,397
426,397
427,398
427,398
427,398
427,399
427,398
428,398
428,398
428,399
428,399
428,398
428,399
428,399
428,400
427,401
429,402
429,401
429,400
429,401
428,401
429,401
430,401
430,402
430,401
430,402
431,402
430,403
430,404
431,404
431,404
431,404
431,403
431,403
432,403
432,404
432,404
432,404
432,406
433,405
432,405
433,405
433,407
433,406
433,406
433,407
433,406
434,405
433,407
434,408
434,407
434,409
434,408
434,409
435,408
434,408
435,408
435,408
435,409
435,409
435,409
435,410
436,410
436,410
436,411
436,412
436,411
436,411
437,412
438,410
437,410
437,410
437,411
438,413
437,414
438,413
436,412
437,414
438,413
437,413
438,413
438,413
438,413
439,413
438,412
439,414
439,413
439,415
438,415
439,416
439,416
438,414
440,414
440,414
440,414
440,415
439,414
440,415
440,417
440,416
440,416
440,415
441,417
441,417
441,417
441,416
441,416
441,416
441,416
442,416
441,417
441,417
442,418
443,418
442,418
442,417
442,419
442,419
442,419
442,418
443,419
443,417
442,418
443,418
443,418
443,420
444,421
444,419
443,420
443,419
444,419
444,420
444,419
444,419
444,421
444,419
445,421
445,422
445,420
445,421
445,422
445,421
445,422
445,421
445,421
446,421
446,421
445,420
445,422
446,422
445,422
446,422
445,423
446,423
446,422
446,423
447,423
447,422
446,423
447,421
447,423
446,423
447,423
447,423
447,425
447,425
447,425
448,424
448,423
448,425
448,423
448,425
448,424
448,425
448,424
448,427
448,425
448,427
448,427
449,426
449,427
449,426
449,426
450,425
449,425
449,425
451,427
449,426
450,427
450,427
450,428
450,426
450,428
450,428
451,428
450,429
451,429
451,427
451,428
451,428
451,430
450,431
451,430
451,431
451,430
452,430
451,428
451,430
452,429
452,429
452,430
452,430
452,431
452,432
452,431
453,433
453,433
452,431
453,432
452,431
453,429
453,432
453,433
453,433
454,434
453,434
454,433
454,432
454,431
454,432
454,435
455,432
455,431
454,434
455,434
454,434
454,435
455,435
455,436
455,438
456,437
456,438
455,437
455,436
456,436
456,436
456,436
456,436
456,438
456,437
456,438
457,438
457,437
457,439
457,438
457,438
458,437
457,436
457,438
457,438
458,439
458,440
458,440
457,439
458,439
458,440
458,439
458,439
457,439
458,439
458,439
459,439
459,442
459,440
458,443
459,443
459,440
459,441
460,441
460,440
459,441
460,441
459,440
460,441
459,442
459,442
460,442
459,443
459,442
460,442
460,441
459,441
460,440
460,443
461,442
460,442
460,444
460,442
461,443
460,445
460,443
460,442
461,443
461,441
461,442
461,442
461,443
461,443
461,444
461,445
462,443
461,442
462,444
461,443
461,443
462,443
461,443
462,444
462,444
462,443
462,443
462,445
462,443
461,443
462,441
462,443
462,443
462,443
462,443
462,444
462,443
462,444
463,444
462,444
463,444
463,444
463,444
462,443
463,444
463,445
463,445
463,445
463,447
463,444
463,443
463,444
464,445
463,443
463,445
463,445
463,445
463,443
463,445
464,446
463,446
463,446
463,445
464,444
463,444
464,444
464,444
464,446
464,445
463,445
464,445
464,445
463,447
464,445
464,445
464,445
464,444
464,445
464,444
464,444
463,446
463,447
464,446
464,446
465,444
464,445
464,444
465,444
464,445
464,445
464,446
463,447
464,444
464,445
465,447
464,445
465,448
464,447
465,446
465,444
465,445
464,444
465,446
464,447
465,447
465,448
465,447
465,447
465,448
465,448
465,448
465,448
465,447
464,448
466,447
465,446
466,448
466,448
465,449
465,449
466,449
465,448
465,446
466,447
466,448
466,448
465,447
466,447
466,447
466,448
466,448
466,448
466,448
466,449
466,449
466,449
467,447
467,447
466,447
466,446
467,448
466,448
467,449
466,448
467,448
467,449
467,448
466,449
467,449
467,448
468,448
467,449
467,448
467,447
467,448
466,449
467,450
467,451
467,452
467,451
467,450
467,449
466,450
467,449
468,449
468,450
467,450
467,452
468,450
468,452
466,453
467,452
467,452
468,453
467,452
468,451
467,451
467,451
468,450
468,451
467,451
468,453
468,452
468,453
469,452
468,453
468,452
468,452
468,453
469,453
469,452
469,452
469,453
468,453
468,453
470,454
469,454
469,455
469,455
469,455
468,455
469,454
469,455
470,454
470,453
469,454
470,454
470,456
469,455
470,454
469,455
470,454
470,455
470,457
470,455
470,454
470,454
470,453
471,454
470,454
470,455
470,456
470,452
470,452
471,456
471,453
470,455
471,456
470,455
472,456
472,452
471,453
471,454
472,455
472,453
472,455
472,455
471,456
472,459
472,457
471,457
471,456
471,455
472,455
471,456
471,455
472,455
472,456
470,458
471,457
472,455
471,456
471,457
472,456
472,457
472,457
472,455
471,456
472,454
471,454
471,455
471,455
472,456
471,458
472,456
472,456
471,457
471,454
472,456
472,456
471,456
472,455
471,454
472,456
472,456
472,454
472,455
472,455
472,456
472,457
472,457
471,456
472,456
472,455
472,455
472,456
471,456
472,455
472,457
472,457
472,455
472,456
472,456
472,457
472,458
472,458
472,458
471,459
472,457
473,458
472,458
472,456
473,455
472,455
473,456
472,457
472,457
472,459
473,458
471,458
472,459
472,456
472,457
472,458
472,457
470,458
472,457
472,458
472,458
471,458
472,456
472,456
472,457
472,458
471,459
472,459
472,459
472,458
472,458
472,457
472,455
472,457
472,458
472,457
472,458
472,458
472,457
472,459
471,458
472,458
472,459
472,459
472,459
471,460
472,458
472,459
472,458
472,457
472,457
472,457
472,456
472,458
471,459
471,459
472,459
472,459
472,460
471,460
472,460
472,459
473,459
471,459
472,460
472,458
472,459
472,459
472,458
472,460
471,460
472,461
472,461
472,461
472,459
471,459
473,457
473,459
472,459
472,459
472,460
472,459
472,461
472,460
473,460
472,460
473,460
473,459
472,461
473,460
473,459
472,460
473,458
473,457
473,460
473,460
473,460
473,460
473,461
473,461
473,461
473,461
473,461
473,461
472,461
474,460
473,461
473,459
474,458
474,460
474,460
474,462
474,462
474,461
474,461
473,461
474,459
474,460
474,460
473,460
474,460
474,460
473,460
473,461
474,461
474,461
474,462
474,461
474,462
475,461
474,461
475,462
474,459
475,460
473,462
475,460
475,461
475,461
475,461
475,462
475,461
475,462
475,461
475,459
476,460
475,459
476,460
475,461
475,459
475,461
475,462
476,461
475,461
474,460
476,459
475,460
474,458
476,459
475,459
475,459
475,460
475,460
476,459
476,459
475,460
475,460
475,460
475,460
475,459
476,459
475,460
473,461
474,462
474,463
474,462
475,462
474,462
475,462
475,462
474,462
475,461
475,462
474,461
474,461
475,462
475,462
476,463
475,463
476,462
476,461
475,461
475,461
475,462
475,461
474,461
474,462
475,461
475,462
474,463
475,462
474,463
475,463
475,462
475,462
474,460
474,460
474,461
474,461
475,462
474,461
474,463
474,461
475,462
475,462
475,461
476,461
475,460
474,460
474,460
474,460
474,460
474,460
474,460
475,461
474,459
474,458
474,456
475,459
474,458
474,455
474,459
474,458
475,457
475,456
474,457
474,460
475,459
475,461
474,461
475,461
475,459
475,458
475,458
475,458
476,459
474,459
475,461
475,460
474,460
475,459
474,459
475,460
475,460
475,459
473,460
475,459
474,460
476,458
474,459
475,460
474,461
475,462
475,462
474,460
474,460
476,458
474,459
476,460
474,459
475,460
475,459
475,460
475,461
475,459
475,460
475,460
475,460
475,460
475,461
475,461
475,460
474,459
474,459
475,460
476,459
475,461
475,461
476,461
476,462
476,460
476,461
475,461
476,460
475,460
475,461
476,460
476,459
475,459
476,460
476,460
475,461
475,463
476,462
476,463
476,462
476,462
476,462
476,462
476,461
477,459
476,463
477,461
476,462
476,463
476,462
475,463
477,462
476,463
477,463
477,464
476,463
477,462
477,461
477,461
476,460
476,462
477,463
476,463
477,464
478,463
477,464
476,463
477,463
477,463
476,462
477,461
477,462
477,461
477,462
477,460
477,462
477,461
477,462
477,462
477,464
477,463
477,461
477,462
477,462
477,462
477,462
478,461
478,462
477,463
478,463
477,462
477,462
477,462
477,462
477,464
477,463
477,461
478,461
477,460
478,462
477,460
477,462
478,462
477,462
477,462
477,461
478,460
477,462
477,461
477,461
477,461
477,461
477,462
477,462
477,461
477,463
478,462
477,462
477,464
477,462
477,461
477,462
476,462
477,461
477,462
477,461
476,461
477,462
477,461
476,463
476,462
477,439
477,436
477,435
476,438
478,440
476,438
477,438
477,438
477,438
478,440
477,440
476,438
478,438
477,437
477,438
477,439
477,438
477,437
477,438
477,439
477,440
476,435
477,437
477,441
476,439
477,438
477,439
477,438
477,439
476,439
477,438
477,438
477,440
476,440
476,439
476,437
476,438
476,439
476,441
476,440
476,438
476,439
476,438
476,441
476,437
477,439
475,442
475,440
476,437
475,439
475,439
476,440
475,440
475,438
475,437
474,438
474,440
475,440
474,437
473,437
473,440
473,438
473,436
473,435
473,436
473,437
472,433
472,435
472,436
471,433
470,433
471,434
471,432
470,430
470,432
470,435
469,432
470,431
470,428
467,431
468,432
469,431
468,430
468,428
467,432
468,430
467,432
466,429
466,432
466,428
467,427
465,430
465,428
465,427
464,427
464,430
464,430
464,426
463,426
464,427
463,430
463,426
462,424
461,424
461,425
461,427
461,424
461,423
460,423
460,422
460,424
459,422
458,425
458,424
458,421
457,420
458,423
457,422
457,416
456,415
456,422
455,420
455,420
455,420
454,418
454,420
453,416
452,416
452,416
452,415
451,417
452,418
451,419
450,412
450,412
450,412
449,415
449,418
448,416
448,414
449,412
448,415
446,414
446,413
446,411
446,412
445,412
445,413
443,412
444,409
444,410
443,411
442,411
443,409
442,408
442,407
442,410
440,407
440,407
440,408
439,407
439,405
438,405
437,406
437,404
438,402
436,402
436,403
436,404
435,400
435,400
435,400
434,402
433,402
433,398
432,398
432,398
432,399
432,398
430,394
430,398
430,394
430,394
429,396
429,393
428,393
427,393
428,392
427,392
425,389
426,390
425,392
425,389
424,387
424,387
423,388
423,389
422,385
421,385
421,386
421,385
420,384
420,382
419,384
419,380
418,381
418,382
416,380
416,378
416,379
415,380
415,378
415,376
414,377
414,375
413,377
412,373
412,373
412,374
411,373
411,372
410,370
409,371
409,371
408,369
409,368
408,370
407,367
407,368
406,368
405,366
405,365
404,367
404,367
403,363
403,364
402,364
402,364
401,362
401,360
401,360
400,362
399,359
398,356
398,358
398,360
397,358
397,355
396,356
396,355
396,354
395,355
394,355
395,351
393,352
392,351
392,349
391,350
391,349
390,349
390,347
390,347
390,345
389,347
388,347
387,345
388,342
387,343
387,340
386,343
386,341
385,340
385,339
384,341
384,340
383,337
383,339
382,340
382,336
381,336
380,336
380,338
380,338
379,336
379,334
379,335
378,336
377,334
377,334
376,334
377,334
376,331
375,332
376,332
374,331
374,331
373,331
373,329
372,327
371,329
372,329
372,325
370,327
370,327
370,326
369,323
369,325
368,325
367,324
368,323
367,323
366,323
367,321
366,320
365,319
365,321
364,318
364,319
364,319
362,317
363,318
362,318
361,315
361,316
361,316
361,314
359,313
359,314
359,314
358,311
358,310
358,312
357,311
357,310
356,310
355,311
356,307
355,306
354,307
355,306
354,305
353,306
353,304
352,304
352,305
351,302
351,302
350,303
350,301
349,299
349,301
349,298
348,298
347,297
347,299
347,298
346,294
346,296
345,295
345,293
344,292
343,295
343,290
343,294
342,291
342,290
342,290
341,289
340,287
340,289
339,288
338,286
338,286
338,286
337,285
337,283
335,285
336,285
335,282
334,281
335,283
334,282
333,279
333,279
332,280
332,278
331,279
330,279
331,277
330,277
330,276
329,274
328,274
328,275
328,273
327,271
327,272
327,274
326,270
324,269
325,271
325,269
324,270
323,267
323,269
322,267
322,267
321,267
321,266
321,263
320,265
320,263
319,264
318,264
318,262
318,260
317,262
316,261
316,259
316,258
316,260
315,259
314,258
314,258
313,259
313,257
313,255
311,254
312,255
311,255
311,251
310,253
310,252
309,254
309,253
309,253
307,254
308,253
307,251
306,253
306,251
305,249
305,250
304,250
304,248
303,248
304,248
303,249
303,246
302,247
303,248
302,248
302,244
301,247
301,243
301,245
300,244
300,243
300,245
300,244
299,242
299,243
298,243
298,241
297,241
296,241
296,239
296,238
296,239
295,240
294,238
294,238
294,240
294,237
294,236
293,236
292,237
292,236
292,236
292,233
292,234
291,235
290,232
290,234
289,232
289,233
289,230
290,231
288,232
288,231
288,229
287,229
286,230
286,227
286,228
286,229
286,230
285,228
285,228
284,227
284,227
284,227
282,226
283,225
283,226
281,224
281,223
281,225
281,225
280,223
280,222
280,224
279,223
279,221
279,221
279,222
277,220
278,219
277,220
277,221
277,220
276,218
277,221
276,217
275,216
275,218
275,217
275,217
274,218
274,217
273,216
273,216
272,217
272,215
272,214
272,214
271,215
271,214
271,210
270,213
270,213
270,211
269,209
269,208
268,211
268,207
268,211
268,208
267,208
267,209
267,208
266,206
266,206
266,208
265,204
264,205
264,205
263,204
264,204
263,203
262,203
263,204
263,197
261,200
262,201
261,203
261,199
261,200
260,197
260,197
260,198
259,196
259,195
258,199
259,198
259,194
258,196
258,198
257,196
257,197
257,194
256,196
256,196
256,193
255,193
255,196
254,195
254,192
254,192
253,194
254,192
253,193
252,193
252,191
252,191
251,190
251,189
251,190
251,188
250,189
250,189
250,187
249,189
249,188
248,185
248,186
248,188
247,185
248,184
248,181
247,187
247,185
246,182
246,184
245,182
244,186
244,184
244,182
244,185
244,182
244,180
243,181
243,182
242,179
242,180
242,182
241,180
241,179
241,180
240,180
240,179
239,176
240,180
239,178
238,178
238,176
238,177
238,174
238,177
237,174
237,175
237,176
236,172
235,174
236,175
236,175
235,169
235,170
235,172
234,169
234,169
233,170
233,171
233,168
232,170
232,171
232,170
231,169
231,168
231,168
230,166
230,168
230,166
230,167
229,168
229,166
229,167
228,168
228,167
228,164
228,167
227,165
227,165
227,165
227,165
226,164
225,164
226,165
225,165
225,162
226,163
225,164
225,162
224,163
223,161
224,160
223,163
224,161
222,161
222,162
222,162
223,160
222,160
222,159
221,159
220,157
221,160
220,159
221,157
220,159
220,159
219,155
219,155
219,159
219,156
219,155
218,157
218,156
218,155
218,155
217,152
216,154
216,154
216,152
216,151
215,155
214,153
215,152
214,152
214,151
214,150
214,150
214,150
213,149
213,151
213,149
213,149
213,150
212,147
211,148
211,149
211,147
211,147
211,148
210,146
210,147
210,148
210,146
209,146
209,148
209,146
208,143
208,147
208,144
208,143
207,145
207,144
207,141
207,143
206,144
206,142
206,143
205,141
205,143
206,142
205,141
205,142
205,140
204,140
204,142
204,140
204,140
204,139
203,139
203,136
202,137
202,135
203,131
202,130
202,132
201,129
201,128
201,131
201,131
200,136
200,136
200,135
199,137
200,134
199,135
199,135
200,133
199,134
198,134
197,133
198,134
198,134
198,133
198,133
196,132
197,133
197,133
196,130
196,132
195,132
196,129
196,131
195,129
195,134
195,129
195,131
195,130
193,130
194,130
194,126
193,120
193,118
194,111
193,111
192,109
192,112
192,111
192,110
192,112
192,115
191,108
192,108
191,109
190,105
190,109
190,105
190,107
190,109
189,107
189,112
189,109
190,110
189,112
189,110
189,111
188,110
187,112
188,113
187,108
187,112
185,111
187,107
186,113
186,110
186,108
186,110
186,116
185,121
185,114
185,113
185,109
185,105
185,107
184,104
184,107
184,106
183,105
184,108
183,107
183,103
183,105
182,106
183,105
182,107
182,103
181,103
181,106
180,103
181,100
181,103
180,102
180,102
180,103
180,104
179,101
180,103
179,102
179,99
179,102
178,97
178,97
178,97
178,96
178,99
176,96
177,97
177,97
177,95
177,96
176,96
176,100
176,97
176,99
176,93
175,96
175,93
175,96
174,92
175,95
175,92
174,90
174,94
173,92
174,95
173,94
174,94
173,91
173,92
173,95
173,92
172,93
172,89
171,89
171,90
171,89
172,93
171,94
171,94
170,93
170,91
169,92
168,92
170,92
169,93
169,90
169,92
169,90
168,92
168,92
167,91
168,91
167,89
167,90
167,89
167,90
167,92
166,96
166,102
166,97
166,96
166,97
166,99
165,97
165,98
165,99
165,98
165,100
164,98
165,97
164,96
163,99
163,98
164,94
164,98
162,94
163,97
163,93
163,95
162,96
161,93
162,94
162,95
162,93
161,94
162,92
162,93
161,89
161,92
161,89
161,86
160,89
161,85
160,88
160,84
160,87
160,85
160,82
160,87
159,82
160,87
159,82
159,83
159,84
159,86
159,82
158,85
158,80
159,84
158,80
158,84
158,81
158,86
157,84
157,93
156,89
157,88
157,90
157,86
156,89
155,85
156,85
156,79
156,82
156,79
155,79
155,81
156,82
155,77
155,85
155,78
154,82
154,79
154,82
154,79
154,82
154,80
154,80
154,80
153,81
154,79
153,78
153,77
153,78
153,82
153,80
152,85
152,79
152,80
152,80
152,83
151,80
151,81
152,82
151,81
151,80
151,81
150,82
150,81
150,79
150,81
150,78
149,82
149,79
149,80
149,77
149,79
149,80
148,80
150,79
148,78
148,80
148,78
147,76
148,81
147,77
147,79
147,76
147,79
148,75
147,80
146,77
147,79
146,76
147,77
146,78
147,76
146,78
146,75
145,77
145,75
146,78
144,74
144,75
145,77
144,78
144,74
144,77
144,74
144,77
143,72
144,76
144,74
143,77
143,74
142,76
143,73
142,74
143,75
142,74
142,76
142,74
141,76
142,71
142,76
142,72
142,72
142,74
142,75
142,70
141,73
141,71
141,73
141,72
140,73
140,71
141,73
140,73
140,72
140,72
139,71
139,72
139,69
139,72
139,70
139,71
137,72
139,70
138,74
138,70
137,71
137,67
139,72
138,68
138,70
138,67
137,72
137,68
136,70
137,67
136,73
137,69
137,70
136,69
135,69
137,70
135,68
135,69
136,69
135,70
135,66
136,67
136,69
135,65
136,67
135,69
135,67
135,67
134,66
134,67
134,67
134,67
133,68
134,66
134,68
134,65
134,68
133,66
134,65
133,67
132,64
133,66
133,63
132,66
132,66
131,64
132,67
133,63
132,64
131,64
132,64
131,63
131,65
131,64
131,65
131,63
130,64
130,62
130,64
131,64
130,62
130,63
130,61
130,65
130,60
129,62
129,63
129,59
129,63
129,61
127,62
129,63
128,63
129,63
129,62
129,60
128,61
127,60
128,61
128,58
128,60
128,58
128,60
127,58
128,58
127,61
126,57
127,61
125,55
126,61
126,60
127,56
126,58
126,61
127,57
126,59
125,58
126,60
125,58
125,58
126,58
125,57
126,60
125,57
125,59
125,56
125,57
125,58
125,57
124,60
124,56
124,60
124,57
124,58
124,59
123,57
124,57
123,56
122,56
123,55
123,57
123,55
123,58
123,54
123,59
122,55
122,56
122,58
123,53
122,56
122,55
122,56
122,56
122,54
122,57
122,55
121,54
122,55
122,54
122,53
121,55
121,54
120,56
120,54
120,52
120,56
121,52
120,55
120,55
120,53
119,55
120,54
119,54
119,52
120,53
119,55
119,51
119,54
120,51
119,52
119,54
119,54
118,52
119,51
119,53
118,53
117,54
118,52
118,53
118,51
118,53
117,51
118,52
118,54
118,49
118,53
117,52
117,51
117,54
117,49
117,54
118,50
117,50
117,53
116,49
116,50
117,51
116,52
116,51
116,52
116,50
115,52
115,50
116,51
116,51
116,48
115,52
116,49
115,49
116,51
115,48
115,50
115,48
115,49
115,53
113,48
115,51
114,46
114,51
114,46
114,50
114,48
115,49
114,50
114,46
113,50
113,48
114,48
113,50
113,47
114,49
113,48
113,47
113,51
113,46
113,48
114,50
112,46
112,48
112,46
112,50
113,46
113,47
112,46
112,48
111,47
112,45
112,48
112,46
112,47
111,46
111,45
112,48
112,45
112,45
111,49
111,44
110,47
111,46
110,45
111,47
110,42
111,47
111,44
110,47
110,44
110,47
110,44
109,45
109,46
109,44
109,47
109,44
109,45
110,46
109,44
109,46
109,43
108,46
109,46
109,43
108,46
109,43
108,43
109,47
109,41
107,45
108,41
108,45
109,43
108,44
108,42
108,42
108,42
108,42
107,45
108,43
107,43
107,43
108,40
107,43
107,44
107,41
107,43
107,42
107,41
107,43
107,41
107,45
107,40
107,43
107,41
107,41
106,41
106,39
106,43
106,40
106,42
105,42
106,41
106,45
106,40
105,40
106,43
106,40
106,41
105,41
106,40
104,41
105,42
105,39
103,41
105,41
104,40
104,38
103,43
104,39
104,40
103,40
104,40
104,41
103,38
103,41
103,41
104,39
104,40
104,39
103,38
103,40
104,36
104,40
103,40
103,35
103,41
103,37
102,40
103,37
103,39
103,36
103,39
102,37
103,38
102,39
103,37
102,38
102,37
103,36
102,39
102,37
102,37
102,38
102,35
101,39
101,36
101,36
101,39
100,34
101,37
100,36
101,38
101,36
101,37
100,35
101,35
100,36
101,34
101,38
100,36
101,34
100,37
101,37
100,34
99,37
100,34
100,36
99,35
100,33
99,34
99,34
99,36
99,32
100,36
99,34
99,37
99,34
99,35
99,33
100,34
99,36
99,34
99,36
99,34
99,34
99,35
98,34
99,36
98,34
98,35
98,33
99,33
97,34
99,32
97,34
97,35
99,33
97,34
98,34
97,33
97,33
97,32
98,34
98,32
97,35
96,32
98,34
98,31
97,33
96,33
97,33
97,33
97,30
97,34
97,31
96,31
96,33
96,34
96,28
96,33
97,29
96,34
96,31
96,33
96,32
96,31
95,34
95,31
96,33
96,32
96,32
95,33
96,31
95,33
96,30
96,34
96,31
95,30
94,32
95,30
94,33
95,32
95,31
95,30
95,32
95,31
95,32
94,27
95,31
94,29
95,30
94,32
93,31
95,31
94,31
94,31
94,34
94,30
94,33
94,27
94,28
94,32
93,30
94,29
93,31
93,29
94,30
92,30
93,31
93,31
92,29
93,32
93,29
93,28
93,29
93,27
93,29
93,25
93,28
92,29
93,30
92,31
92,26
93,28
93,29
92,30
92,25
92,27
91,28
92,29
92,25
92,27
92,24
92,27
92,27
91,27
91,29
91,27
91,28
91,25
92,28
91,27
91,27
92,25
90,23
91,27
90,28
90,26
91,24
90,27
91,26
91,27
90,26
90,28
90,24
90,27
91,25
89,27
90,26
90,25
91,28
89,25
90,28
90,25
89,27
90,26
89,27
90,25
89,25
90,27
90,23
89,26
89,27
89,25
89,27
89,23
89,26
88,24
88,25
88,25
89,26
89,26
89,21
88,26
89,23
88,27
89,25
88,25
88,26
88,27
88,25
88,24
88,24
89,23
88,26
88,22
88,25
88,22
88,25
88,22
88,26
88,22
87,26
87,23
87,25
87,25
88,23
87,25
88,23
87,24
87,22
88,24
87,22
87,23
87,25
87,21
87,25
87,23
87,21
87,23
86,22
87,24
86,24
87,20
86,25
86,21
86,24
86,23
86,21
85,25
86,20
86,23
86,23
86,23
86,22
86,22
85,24
85,22
86,21
84,22
85,24
85,20
86,23
85,21
85,23
86,21
86,22
85,23
84,19
85,23
85,21
84,23
85,23
84,20
85,24
84,19
84,21
84,19
85,21
85,22
85,20
85,24
84,18
84,21
84,17
83,21
83,19
85,21
84,19
84,21
84,17
84,21
84,19
84,19
84,21
84,17
83,20
84,18
84,19
83,21
83,19
84,22
83,16
83,18
83,19
83,22
82,16
83,21
83,16
83,20
83,18
82,23
83,18
82,19
83,18
83,18
83,16
82,14
83,15
82,13
82,12
82,11
82,14
82,13
82,16
82,14
83,15
82,16
83,15
83,11
82,16
82,12
82,15
82,14
82,18
82,14
82,17
81,15
82,14
82,14
82,12
81,16
81,13
82,15
82,14
82,15
82,15
81,13
81,16
82,14
81,15
81,12
81,12
81,12
81,12
81,13
81,13
81,13
80,13
81,11
80,14
81,11
80,17
80,12
80,14
79,13
81,15
80,13
81,12
80,12
80,11
80,14
80,10
79,13
81,13
80,9
80,13
80,11
79,12
79,9
79,12
79,8
80,12
80,10
80,14
79,10
80,13
79,11
79,15
79,11
79,14
79,11
80,13
79,12
79,12
79,17
78,16
79,14
78,16
78,14
78,15
78,13
79,16
78,14
78,17
78,15
78,14
78,16
78,12
78,15
78,14
79,16
79,15
78,14
78,14
77,16
78,15
78,13
78,16
78,12
78,15
78,14
78,15
77,14
77,13
78,14
78,14
78,15
77,16
78,14
77,16
77,13
78,15
76,12
77,13
77,12
77,11
77,11
77,6
77,12
77,8
77,13
77,11
77,9
77,13
77,12
76,15
77,12
77,12
76,9
76,11
76,10
76,11
77,14
77,12
76,12
76,11
76,13
76,16
75,12
75,11
76,10
76,15
75,14
76,13
76,9
76,13
76,11
75,13
76,13
74,14
75,13
76,16
75,12
75,13
75,13
74,13
75,13
74,10
75,14
73,10
75,14
75,12
75,13
75,13
75,10
75,13
74,10
74,14
73,13
75,13
75,13
74,13
74,11
75,12
74,11
74,12
74,12
74,13
74,11
73,12
73,13
74,12
73,13
73,11
73,13
74,10
73,12
74,14
74,10
73,14
73,13
73,12
74,12
73,11
72,13
73,13
74,13
73,13
73,11
73,13
72,10
73,13
73,12
73,12
73,14
73,11
73,14
74,9
73,14
73,11
73,11
73,14
73,12
72,10
72,12
72,11
72,12
71,11
72,12
72,11
72,13
72,12
72,11
72,13
71,11
72,12
72,10
73,11
72,13
71,8
72,13
71,8
72,14
72,12
72,11
71,10
71,12
72,11
72,13
70,11
71,12
71,9
71,11
70,10
72,11
71,10
71,11
71,12
71,8
70,13
71,9
71,11
71,7
71,11
71,7
71,10
71,11
71,8
71,9
71,11
71,8
71,10
70,6
71,9
71,6
71,8
69,7
69,9
70,6
71,8
71,7
71,9
70,8
70,9
70,8
69,8
70,9
70,9
70,7
70,9
70,7
70,4
69,7
70,6
70,7
70,9
69,6
69,9
70,5
70,8
69,5
70,7
69,5
69,6
69,5
69,7
69,7
69,7
69,7
68,5
69,6
69,6
69,5
70,4
69,7
69,8
69,4
69,8
68,4
68,6
69,6
69,7
68,6
68,6
68,8
68,5
68,6
69,4
68,6
69,5
68,7
68,5
68,8
68,4
68,8
68,4
68,4
68,9
68,6
68,5
68,7
68,3
66,6
68,5
68,5
68,6
68,4
66,7
67,5
68,7
67,3
67,6
67,5
68,6
67,6
67,4
68,7
67,6
68,6
67,4
67,4
68,7
68,4
68,7
68,6
67,3
67,5
67,2
67,6
67,3
67,6
66,4
67,5
67,5
67,5
67,6
67,4
67,7
67,2
67,7
67,3
67,6
67,6
67,3
67,4
67,5
66,2
67,6
67,4
67,3
66,5
68,2
67,6
67,2
66,4
66,4
66,4
66,5
66,4
67,5
67,2
66,6
66,1
66,5
66,2
66,1
66,5
66,3
66,2
66,6
66,2
66,4
66,4
66,2
66,5
66,3
66,4
66,4
66,4
67,4
66,3
66,5
66,3
65,4
65,3
66,5
66,1
65,1
66,3
66,6
65,3
66,4
66,5
65,2
65,4
65,4
65,3
65,4
64,0
64,4
65,1
65,5
65,2
65,3
65,5
65,1
65,3
65,0
64,2
65,1
64,0
65,1
65,4
65,1
65,2
64,3
64,2
65,4
65,2
64,3
65,3
64,1
65,5
64,1
65,4
65,2
65,4
64,3
63,2
64,4
64,1
65,4
64,0
64,1
64,4
64,2
64,0
64,4
64,1
64,2
64,4
64,1
64,3
63,1
64,2
64,3
64,2
64,2
64,1
64,3
64,2
63,1
64,4
64,2
64,3
64,0
64,0
63,2
63,1
62,0
63,0
64,0
64,0
64,2
64,1
63,3
63,2
64,3
63,2
63,0
63,4
63,0
64,4
62,1
64,1
63,2
63,0
62,3
63,0
63,0
63,3
63,2
63,0
61,3
64,3
64,2
63,3
62,1
62,3
64,1
62,1
63,3
63,0
62,2
63,0
63,1
63,1
63,0
63,4
62,0
63,2
62,2
62,0
63,0
63,5
62,2
62,3
62,4
62,2
63,4
63,4
62,2
63,4
62,1
62,3
61,2
62,1
61,4
62,2
63,3
62,3
62,2
62,4
62,3
62,4
62,5
61,2
62,2
62,4
62,0
62,2
60,4
62,1
62,4
62,3
61,1
62,4
61,1
61,2
62,2
62,0
61,3
61,1
62,0
61,3
62,0
62,3
62,2
60,0
62,0
61,2
62,1
61,1
61,2
61,1
61,1
61,1
61,1
61,2
61,1
62,0
62,1
61,0
61,0
61,1
61,0
61,0
60,1
62,0
61,1
61,0
61,0
61,0
61,1
61,0
61,0
61,0
61,0
59,0
61,1
61,0
61,3
59,0
60,0
61,1
60,0
60,2
60,1
60,0
61,3
61,0
60,2
60,0
61,0
61,0
62,0
60,2
61,0
61,0
60,1
60,0
60,0
61,0
60,0
60,1
60,0
60,1
60,1
60,0
60,1
59,0
60,0
60,3
60,0
60,2
60,0
60,0
60,0
59,0
60,1
61,0
60,0
59,0
60,0
59,1
60,1
60,0
59,0
59,1
60,0
59,1
59,0
59,0
60,1
59,1
60,0
59,2
60,0
59,0
59,1
59,3
59,0
59,0
59,0
59,0
59,0
59,1
60,0
59,0
59,0
59,0
59,0
59,0
59,0
59,0
59,1
60,0
59,0
59,0
59,0
59,0
58,0
58,0
59,0
59,0
59,2
59,0
59,0
58,0
59,0
59,0
59,1
60,0
58,0
59,0
59,0
59,0
58,0
58,0
59,0
59,0
58,0
59,0
58,0
59,0
58,0
58,0
58,0
58,0
58,0
58,0
58,0
58,0
58,0
58,0
58,0
57,0
58,0
58,0
58,0
58,0
58,0
58,0
58,0
57,0
57,0
58,0
58,0
58,0
58,0
58,0
58,0
58,0
58,0
58,0
58,0
58,0
57,0
58,0
58,0
57,0
57,0
57,0
57,0
56,0
58,0
58,0
58,1
58,0
58,0
57,0
57,0
57,0
58,0
57,0
59,0
57,0
57,0
57,0
57,0
56,0
57,0
57,0
57,0
58,0
57,0
57,0
58,0
57,0
57,0
57,0
58,0
57,0
58,0
57,0
57,0
56,0
57,0
57,0
57,0
58,0
57,0
58,0
57,0
57,0
56,0
57,0
57,0
57,0
57,0
57,0
56,0
57,0
57,0
57,0
57,0
57,0
57,0
57,0
57,0
57,0
56,0
57,0
57,0
57,0
57,0
56,0
56,0
56,0
56,0
57,0
57,0
56,0
56,0
57,0
56,0
57,0
56,0
57,0
57,0
56,0
57,0
57,0
56,0
57,0
56,0
56,0
55,0
55,0
56,0
57,0
56,0
56,0
56,0
56,0
56,0
56,0
57,0
56,0
56,0
55,0
56,0
56,0
56,0
56,0
56,0
56,0
55,0
54,0
56,0
55,0
56,0
56,0
56,0
56,0
55,0
56,0
56,0
55,0
56,0
55,0
55,0
55,0
56,0
55,0
55,0
55,0
55,0
56,0
56,0
56,0
55,0
55,0
56,0
55,0
55,0
56,0
55,0
56,0
55,0
55,0
55,0
55,0
55,0
55,0
55,0
55,0
55,0
55,0
55,0
55,0
55,0
55,0
54,0
54,0
55,0
54,0
54,0
55,0
54,0
55,0
55,0
54,0
54,0
54,0
54,0
55,0
55,0
55,0
55,0
55,0
55,0
54,0
54,0
54,0
54,0
55,0
54,0
55,0
54,0
54,0
54,0
54,0
54,0
54,0
55,0
54,0
54,0
54,0
54,0
54,0
54,0
54,0
55,0
55,0
55,0
54,0
54,0
54,0
54,0
54,0
53,0
54,0
54,0
54,0
54,0
54,0
53,0
53,0
54,0
54,0
54,0
54,0
54,0
54,0
54,0
54,0
54,0
53,0
54,0
53,0
53,0
54,0
54,0
53,0
54,0
54,0
55,0
54,0
53,0
54,0
54,0
54,0
53,0
54,0
53,0
53,0
54,0
53,0
54,0
53,0
53,0
54,0
53,0
53,0
54,0
53,0
54,0
54,0
54,0
53,0
54,0
54,0
53,0
54,0
54,0
53,0
53,0
54,0
53,0
53,0
53,0
53,0
54,0
54,0
52,0
52,0
53,0
54,0
53,0
53,0
53,0
53,0
53,0
53,0
54,0
53,0
53,0
54,0
52,0
54,0
53,0
54,0
53,0
53,0
53,0
53,0
53,0
53,0
52,0
53,0
53,0
53,0
52,0
54,0
53,0
53,0
52,0
